,Watchers
1,4
2,11
3,146
4,9
5,60
6,0
7,0
8,4
9,1
10,1
11,7
12,2
13,1
14,1
15,11
16,1
17,3
18,5
19,0
20,2
21,0
22,58
23,7
24,7
25,1
26,1
27,1
28,1
29,4
30,21
31,7
32,0
33,0
34,4
35,8
36,0
37,0
38,0
39,0
40,1
41,1
42,1
43,0
44,1
45,0
46,0
47,0
48,2
49,1
50,0
51,0
52,4
53,0
54,2
55,5
56,0
57,0
58,1565
59,0
60,0
61,1
62,5
63,1
64,0
65,0
66,0
67,1
68,22
69,1
70,2
71,11
72,0
73,2
74,1
75,0
76,157
77,0
78,1
79,1
80,0
81,0
82,0
83,0
84,2
85,3
86,18
87,0
88,1
89,7
90,0
91,1
92,0
93,0
94,0
95,11
96,53
97,1
98,0
99,4
100,11
101,146
102,9
103,60
104,0
105,0
106,4
107,1
108,1
109,7
110,2
111,1
112,1
113,11
114,1
115,3
116,5
117,0
118,2
119,0
120,58
121,7
122,7
123,1
124,1
125,1
126,1
127,4
128,21
129,7
130,0
131,0
132,4
133,8
134,0
135,0
136,0
137,0
138,1
139,1
140,1
141,0
142,1
143,0
144,0
145,0
146,2
147,1
148,0
149,0
150,4
151,0
152,2
153,5
154,0
155,0
156,1565
157,0
158,0
159,1
160,5
161,1
162,0
163,0
164,0
165,1
166,22
167,1
168,2
169,11
170,0
171,2
172,1
173,0
174,157
175,0
176,1
177,1
178,0
179,0
180,0
181,0
182,2
183,3
184,18
185,0
186,1
187,7
188,0
189,1
190,0
191,0
192,0
193,11
194,53
195,1
196,0
197,4
198,11
199,146
200,9
201,60
202,0
203,0
204,4
205,1
206,1
207,7
208,2
209,1
210,1
211,11
212,1
213,3
214,5
215,0
216,2
217,0
218,58
219,7
220,7
221,1
222,1
223,1
224,1
225,4
226,21
227,7
228,0
229,0
230,4
231,8
232,0
233,0
234,0
235,0
236,1
237,1
238,1
239,0
240,1
241,0
242,0
243,0
244,2
245,1
246,0
247,0
248,4
249,0
250,2
251,5
252,0
253,0
254,1565
255,0
256,0
257,1
258,5
259,1
260,0
261,0
262,0
263,1
264,22
265,1
266,2
267,11
268,0
269,2
270,1
271,0
272,157
273,0
274,1
275,1
276,0
277,0
278,0
279,0
280,2
281,3
282,18
283,0
284,1
285,7
286,0
287,1
288,0
289,0
290,0
291,11
292,53
293,1
294,0
295,4
296,11
297,146
298,9
299,60
300,0
301,0
302,4
303,1
304,1
305,7
306,2
307,1
308,1
309,11
310,1
311,3
312,5
313,0
314,2
315,0
316,58
317,7
318,7
319,1
320,1
321,1
322,1
323,4
324,21
325,7
326,0
327,0
328,4
329,8
330,0
331,0
332,0
333,0
334,1
335,1
336,1
337,0
338,1
339,0
340,0
341,0
342,2
343,1
344,0
345,0
346,4
347,0
348,2
349,5
350,0
351,0
352,1565
353,0
354,0
355,1
356,5
357,1
358,0
359,0
360,0
361,1
362,22
363,1
364,2
365,11
366,0
367,2
368,1
369,0
370,157
371,0
372,1
373,1
374,0
375,0
376,0
377,0
378,2
379,3
380,18
381,0
382,1
383,7
384,0
385,1
386,0
387,0
388,0
389,11
390,53
391,1
392,0
393,4
394,11
395,146
396,9
397,60
398,0
399,0
400,4
401,1
402,1
403,7
404,2
405,1
406,1
407,11
408,1
409,3
410,5
411,0
412,2
413,0
414,58
415,7
416,7
417,1
418,1
419,1
420,1
421,4
422,21
423,7
424,0
425,0
426,4
427,8
428,0
429,0
430,0
431,0
432,1
433,1
434,1
435,0
436,1
437,0
438,0
439,0
440,2
441,1
442,0
443,0
444,4
445,0
446,2
447,5
448,0
449,0
450,1565
451,0
452,0
453,1
454,5
455,1
456,0
457,0
458,0
459,1
460,22
461,1
462,2
463,11
464,0
465,2
466,1
467,0
468,157
469,0
470,1
471,1
472,0
473,0
474,0
475,0
476,2
477,3
478,18
479,0
480,1
481,7
482,0
483,1
484,0
485,0
486,0
487,11
488,53
489,1
490,0
491,4
492,11
493,146
494,9
495,60
496,0
497,0
498,4
499,1
500,1
501,7
502,2
503,1
504,1
505,11
506,1
507,3
508,5
509,0
510,2
511,0
512,58
513,7
514,7
515,1
516,1
517,1
518,1
519,4
520,21
521,7
522,0
523,0
524,4
525,8
526,0
527,0
528,0
529,0
530,1
531,1
532,1
533,0
534,1
535,0
536,0
537,0
538,2
539,1
540,0
541,0
542,4
543,0
544,2
545,5
546,0
547,0
548,1565
549,0
550,0
551,1
552,5
553,1
554,0
555,0
556,0
557,1
558,22
559,1
560,2
561,11
562,0
563,2
564,1
565,0
566,157
567,0
568,1
569,1
570,0
571,0
572,0
573,0
574,2
575,3
576,18
577,0
578,1
579,7
580,0
581,1
582,0
583,0
584,0
585,11
586,53
587,1
588,0
589,4
590,11
591,146
592,9
593,60
594,0
595,0
596,4
597,1
598,1
599,7
600,2
601,1
602,1
603,11
604,1
605,3
606,5
607,0
608,2
609,0
610,58
611,7
612,7
613,1
614,1
615,1
616,1
617,4
618,21
619,7
620,0
621,0
622,4
623,8
624,0
625,0
626,0
627,0
628,1
629,1
630,1
631,0
632,1
633,0
634,0
635,0
636,2
637,1
638,0
639,0
640,4
641,0
642,2
643,5
644,0
645,0
646,1565
647,0
648,0
649,1
650,5
651,1
652,0
653,0
654,0
655,1
656,22
657,1
658,2
659,11
660,0
661,2
662,1
663,0
664,157
665,0
666,1
667,1
668,0
669,0
670,0
671,0
672,2
673,3
674,18
675,0
676,1
677,7
678,0
679,1
680,0
681,0
682,0
683,11
684,53
685,1
686,0
687,4
688,11
689,146
690,9
691,60
692,0
693,0
694,4
695,1
696,1
697,7
698,2
699,1
700,1
701,11
702,1
703,3
704,5
705,0
706,2
707,0
708,58
709,7
710,7
711,1
712,1
713,1
714,1
715,4
716,21
717,7
718,0
719,0
720,4
721,8
722,0
723,0
724,0
725,0
726,1
727,1
728,1
729,0
730,1
731,0
732,0
733,0
734,2
735,1
736,0
737,0
738,4
739,0
740,2
741,5
742,0
743,0
744,1565
745,0
746,0
747,1
748,5
749,1
750,0
751,0
752,0
753,1
754,22
755,1
756,2
757,11
758,0
759,2
760,1
761,0
762,157
763,0
764,1
765,1
766,0
767,0
768,0
769,0
770,2
771,3
772,18
773,0
774,1
775,7
776,0
777,1
778,0
779,0
780,0
781,11
782,53
783,1
784,0
785,4
786,11
787,146
788,9
789,60
790,0
791,0
792,4
793,1
794,1
795,7
796,2
797,1
798,1
799,11
800,1
801,3
802,5
803,0
804,2
805,0
806,58
807,7
808,7
809,1
810,1
811,1
812,1
813,4
814,21
815,7
816,0
817,0
818,4
819,8
820,0
821,0
822,0
823,0
824,1
825,1
826,1
827,0
828,1
829,0
830,0
831,0
832,2
833,1
834,0
835,0
836,4
837,0
838,2
839,5
840,0
841,0
842,1565
843,0
844,0
845,1
846,5
847,1
848,0
849,0
850,0
851,1
852,22
853,1
854,2
855,11
856,0
857,2
858,1
859,0
860,157
861,0
862,1
863,1
864,0
865,0
866,0
867,0
868,2
869,3
870,18
871,0
872,1
873,7
874,0
875,1
876,0
877,0
878,0
879,11
880,53
881,1
882,0
883,4
884,11
885,146
886,9
887,60
888,0
889,0
890,4
891,1
892,1
893,7
894,2
895,1
896,1
897,11
898,1
899,3
900,5
901,0
902,2
903,0
904,58
905,7
906,7
907,1
908,1
909,1
910,1
911,4
912,21
913,7
914,0
915,0
916,4
917,8
918,0
919,0
920,0
921,0
922,1
923,1
924,1
925,0
926,1
927,0
928,0
929,0
930,2
931,1
932,0
933,0
934,4
935,0
936,2
937,5
938,0
939,0
940,1565
941,0
942,0
943,1
944,5
945,1
946,0
947,0
948,0
949,1
950,22
951,1
952,2
953,11
954,0
955,2
956,1
957,0
958,157
959,0
960,1
961,1
962,0
963,0
964,0
965,0
966,2
967,3
968,18
969,0
970,1
971,7
972,0
973,1
974,0
975,0
976,0
977,11
978,53
979,1
980,
981,
982,
983,
984,
985,
986,
987,
988,
989,
990,
991,
992,
993,
994,
995,
996,
997,